title,job_url
Accompagnant d’élève en situation de handicap,https://www.je-change-de-metier.com/fiche-metier-accompagnant-des-eleves-en-situation-de-handicap-aesh
Accompagnant Éducatif et Social,https://www.je-change-de-metier.com/fiche-metier-accompagnant-educatif-et-social
Accompagnateur de personnes à mobilité réduite,https://www.je-change-de-metier.com/fiche-metier-accompagnateur-personnes-a-mobilite-reduite
Account manager,https://www.je-change-de-metier.com/fiche-metier-account-manager
Accueillant familial,https://www.je-change-de-metier.com/fiche-metier-accueillant-familial
Acheteur,https://www.je-change-de-metier.com/fiche-metier-acheteur
Acheteur industriel,https://www.je-change-de-metier.com/fiche-metier-acheteur-industriel
Acousticien,https://www.je-change-de-metier.com/fiche-metier-acousticien
Actuaire,https://www.je-change-de-metier.com/actuaire
Acupuncteur,https://www.je-change-de-metier.com/fiche-metier-acupuncteur
Adjoint administratif,https://www.je-change-de-metier.com/fiche-metier-adjoint-administratif
Adjoint d'animation,https://www.je-change-de-metier.com/fiche-metier-adjoint-animation
Adjoint de Sécurité,https://www.je-change-de-metier.com/fiche-metier-adjoint-de-securite
Administrateur de base de données ou Data Base Administrator (DBA),https://www.je-change-de-metier.com/fiche-metier-administrateur-base-donnees
Administrateur de biens,https://www.je-change-de-metier.com/fiche-metier-administrateur-biens-immobilier
Administrateur Réseau,https://www.je-change-de-metier.com/fiche-metier-administrateur-reseau
Agent artistique,https://www.je-change-de-metier.com/fiche-metier-agent-artistique-booker-impresario
Agent commercial,https://www.je-change-de-metier.com/fiche-metier-agent-commercial
Agent d'accueil en agence bancaire,https://www.je-change-de-metier.com/fiche-metier-agent-accueil-banque
Agent d’entretien,https://www.je-change-de-metier.com/fiche-metier-agent-entretien
Agent d’escale aéroportuaire,https://www.je-change-de-metier.com/fiche-metier-agent-escale-aeroportuaire
Agent de constatation des douanes,https://www.je-change-de-metier.com/fiche-metier-agent-de-constatation-des-douanes
Agent de gestion comptable,https://www.je-change-de-metier.com/fiche-metier-agent-comptable
Agent de joueur,https://www.je-change-de-metier.com/agent-de-joueur
Agent de prévention et de médiation,https://www.je-change-de-metier.com/fiche-metier-agent-de-prevention-et-de-mediation
Agent de production agroalimentaire,https://www.je-change-de-metier.com/fiche-metier-agent-de-production-agroalimentaire
Agent de recouvrement du trésor,https://www.je-change-de-metier.com/fiche-metier-agent-recouvrement-du-tresor
Agent de sécurité,https://www.je-change-de-metier.com/fiche-metier-agent-securite
Agent de service hospitalier,https://www.je-change-de-metier.com/fiche-metier-agent-de-service-hospitalier
Agent de voyages,https://www.je-change-de-metier.com/fiche-metier-agent-de-voyages
Agent des finances publiques,https://www.je-change-de-metier.com/fiche-metier-agent-administratif-finances-publiques
Agent immobilier,https://www.je-change-de-metier.com/fiche-metier-agent-immobilier
Agent ou auxiliaire de crèche,https://www.je-change-de-metier.com/fiche-metier-agent-de-creche
Agent thermal,https://www.je-change-de-metier.com/fiche-metier-agent-thermal
Agriculteur,https://www.je-change-de-metier.com/fiche-metier-agriculteur
Aide à domicile,https://www.je-change-de-metier.com/fiche-metier-aide-a-domicile
Aide auxiliaire de puériculture,https://www.je-change-de-metier.com/fiche-metier-aide-auxiliaire-de-puericulture
Aide médico-psychologique,https://www.je-change-de-metier.com/fiche-metier-aide-medico-psychologique
Aide soignante,https://www.je-change-de-metier.com/fiche-metier-aide-soigante
Aide-éducateur,https://www.je-change-de-metier.com/fiche-metier-aide-educateur
Ajusteur-monteur,https://www.je-change-de-metier.com/fiche-metier-ajusteur-monteur
Ambulancier,https://www.je-change-de-metier.com/fiche-metier-ambulancier
Analyste financier,https://www.je-change-de-metier.com/fiche-metier-analyste-financier
Animateur de vacances,https://www.je-change-de-metier.com/fiche-metier-animateur-de-vacances
Animateur pédagogique,https://www.je-change-de-metier.com/fiche-metier-animateur-pedagogique
Animateur Petite Enfance,https://www.je-change-de-metier.com/fiche-metier-animateur-petite-enfance
Animateur socioculturel,https://www.je-change-de-metier.com/fiche-metier-animateur-socioculturel
Apiculteur,https://www.je-change-de-metier.com/fiche-metier-apiculteur
Aquaculteur,https://www.je-change-de-metier.com/fiche-metier-aquaculteur
Aquariologiste,https://www.je-change-de-metier.com/fiche-metier-aquariologiste
Arbitre,https://www.je-change-de-metier.com/fiche-metier-arbitre
Arboriculteur,https://www.je-change-de-metier.com/fiche-metier-arboriculteur
Architecte,https://www.je-change-de-metier.com/fiche-metier-architecte
Architecte d'intérieur,https://www.je-change-de-metier.com/fiche-metier-architecte-interieur
Armurier,https://www.je-change-de-metier.com/armurier
Aromathérapeute,https://www.je-change-de-metier.com/fiche-metier-aromatherapeute
Art-thérapeute,https://www.je-change-de-metier.com/fiche-metier-art-therapeute
Ascensoriste,https://www.je-change-de-metier.com/fiche-metier-ascensoriste
Assistant à maîtrise d'ouvrage,https://www.je-change-de-metier.com/fiche-metier-assistant-maitrise-douvrage
Assistant comptable,https://www.je-change-de-metier.com/fiche-metier-assistant-comptable
Assistant de Justice,https://www.je-change-de-metier.com/fiche-metier-assistant-de-justice
Assistant de Régulation Médicale,https://www.je-change-de-metier.com/fiche-metier-assistant-de-regulation-medicale
Assistant de soins en gérontologie,https://www.je-change-de-metier.com/fiche-metier-assistant-soins-gerontologie
Assistant familial / Famille d’accueil,https://www.je-change-de-metier.com/fiche-metier-assistant-familial
Assistant immobilier,https://www.je-change-de-metier.com/fiche-metier-assistant-immobilier
Assistant import-export,https://www.je-change-de-metier.com/fiche-metier-assistant-import-export
Assistant marketing,https://www.je-change-de-metier.com/fiche-metier-assistant-marketing
Assistant médical,https://www.je-change-de-metier.com/fiche-metier-assistant-medical
Assistant RH,https://www.je-change-de-metier.com/fiche-metier-assistante-rh
Assistant(e) commercial(e),https://www.je-change-de-metier.com/fiche-metier-assistante-commerciale
Assistant(e) dentaire,https://www.je-change-de-metier.com/fiche-metier-assistant-dentaire
Assistant(e) Médico-Administratif(ve),https://www.je-change-de-metier.com/fiche-metier-assistant-medico-administratif
Assistant(e) paie,https://www.je-change-de-metier.com/fiche-metier-assistant-paie
Assistante de direction,https://www.je-change-de-metier.com/fiche-metier-assistante-de-direction
Assistante de gestion PME/PMI,https://www.je-change-de-metier.com/fiche-metier-assistante-de-gestion-pme-pmi
Assistante juridique,https://www.je-change-de-metier.com/fiche-metier-assistante-juridique
Assistante maternelle,https://www.je-change-de-metier.com/fiche-metier-assistante-maternelle
Assistante sociale,https://www.je-change-de-metier.com/fiche-metier-assistante-sociale
ATSEM ou Agent territorial spécialisé des écoles maternelles,https://www.je-change-de-metier.com/fiche-metier-atsem
Attaché commercial,https://www.je-change-de-metier.com/fiche-metier-attache-commercial
Attaché de presse,https://www.je-change-de-metier.com/fiche-metier-attache-de-presse
Audioprothésiste,https://www.je-change-de-metier.com/fiche-metier-audioprothesiste
Auditeur comptable,https://www.je-change-de-metier.com/fiche-metier-auditeur
Automaticien,https://www.je-change-de-metier.com/fiche-metier-automaticien
Auxiliaire de puériculture,https://www.je-change-de-metier.com/fiche-metier-auxiliaire-de-puericulture
Auxiliaire de santé animale,https://www.je-change-de-metier.com/fiche-metier-auxiliaire-sante-animale
Auxiliaire de Vie Scolaire,https://www.je-change-de-metier.com/fiche-metier-auxiliaire-de-vie-scolaire
Auxiliaire de Vie Sociale,https://www.je-change-de-metier.com/fiche-metier-auxiliaire-de-vie-sociale
Auxiliaire parentale,https://www.je-change-de-metier.com/fiche-metier-auxiliaire-parentale
Auxiliaire vétérinaire,https://www.je-change-de-metier.com/fiche-metier-auxiliaire-veterinaire
Avocat,https://www.je-change-de-metier.com/fiche-metier-avocat
Barbier,https://www.je-change-de-metier.com/fiche-metier-barbier
Barista,https://www.je-change-de-metier.com/fiche-metier-barista
Barman/barmaid,https://www.je-change-de-metier.com/fiche-metier-barman
Bétonneur / Bétonnier,https://www.je-change-de-metier.com/fiche-metier-betonneur
Bibliothécaire,https://www.je-change-de-metier.com/fiche-metier-bibliothecaire
Bijoutier-joaillier,https://www.je-change-de-metier.com/fiche-metier-bijoutier-joaillier
BIM Manager,https://www.je-change-de-metier.com/fiche-metier-bim-manager
Bottier,https://www.je-change-de-metier.com/fiche-metier-bottier
Boucher-charcutier,https://www.je-change-de-metier.com/fiche-metier-boucher-charcutier
Boulanger,https://www.je-change-de-metier.com/fiche-metier-boulanger
Brancardier,https://www.je-change-de-metier.com/fiche-metier-brancardier
Brand manager,https://www.je-change-de-metier.com/fiche-metier-brand-manager
Brasseur,https://www.je-change-de-metier.com/fiche-metier-brasseur
Bûcheron,https://www.je-change-de-metier.com/fiche-metier-bucheron
Business Analyst,https://www.je-change-de-metier.com/fiche-metier-business-analyst
Business Developer,https://www.je-change-de-metier.com/fiche-metier-business-developer
Cadet de la République,https://www.je-change-de-metier.com/fiche-metier-cadet-de-la-republique
Cadreur,https://www.je-change-de-metier.com/fiche-metier-cadreur
Caissier/caissière,https://www.je-change-de-metier.com/fiche-metier-caissier
Cake designer,https://www.je-change-de-metier.com/fiche-metier-cake-designer
Cariste,https://www.je-change-de-metier.com/fiche-metier-cariste
Carreleur,https://www.je-change-de-metier.com/fiche-metier-carreleur
Carrossier,https://www.je-change-de-metier.com/fiche-metier-carrossier
Cartographe,https://www.je-change-de-metier.com/fiche-metier-cartographe
Cascadeur,https://www.je-change-de-metier.com/fiche-metier-cascadeur
Cavalier soigneur,https://www.je-change-de-metier.com/fiche-metier-cavalier-soigneur
Caviste,https://www.je-change-de-metier.com/fiche-metier-caviste
Céramiste,https://www.je-change-de-metier.com/fiche-metier-ceramiste
Chapelier / Chapelière,https://www.je-change-de-metier.com/fiche-metier-chapelier
Chapiste,https://www.je-change-de-metier.com/fiche-metier-chapiste
Chargé de clientèle particulier,https://www.je-change-de-metier.com/fiche-metier-charge-de-clientele-bancaire
Chargé de clientèle professionnel,https://www.je-change-de-metier.com/fiche-metier-charge-de-clientele-professionnels
Chargé de communication digitale,https://www.je-change-de-metier.com/fiche-metier-charge-de-communication-digitale
Chargé de production,https://www.je-change-de-metier.com/fiche-metier-charge-de-production
Chargé de recrutement,https://www.je-change-de-metier.com/fiche-metier-charge-de-recrutement
Chargé de veille,https://www.je-change-de-metier.com/fiche-metier-charge-veille
Chargé(e) de recouvrement,https://www.je-change-de-metier.com/fiche-metier-charge-de-recouvrement
Charpentier,https://www.je-change-de-metier.com/fiche-metier-charpentier
Charpentier métallique,https://www.je-change-de-metier.com/fiche-metier-charpentier-metallique
Chasseur de biens immobiliers,https://www.je-change-de-metier.com/fiche-metier-chasseur-de-biens-immobilier
Chasseur de têtes,https://www.je-change-de-metier.com/fiche-metier-chasseur-tetes
Chaudronnier,https://www.je-change-de-metier.com/fiche-metier-chaudronnier
Chauffagiste,https://www.je-change-de-metier.com/fiche-metier-chauffagiste
Chauffeur de bus,https://www.je-change-de-metier.com/fiche-metier-chauffeur-de-bus
Chauffeur de taxi,https://www.je-change-de-metier.com/fiche-metier-chauffeur-de-taxi
Chauffeur livreur,https://www.je-change-de-metier.com/fiche-metier-chauffeur-livreur
Chauffeur personnel,https://www.je-change-de-metier.com/fiche-metier-chauffeur-personnel
Chauffeur routier,https://www.je-change-de-metier.com/fiche-metier-chauffeur-routier
Chef animalier,https://www.je-change-de-metier.com/fiche-metier-chef-animalier
Chef comptable,https://www.je-change-de-metier.com/fiche-metier-chef-comptable
Chef cuisinier,https://www.je-change-de-metier.com/fiche-metier-chef-cuisinier
Chef de chantier,https://www.je-change-de-metier.com/fiche-metier-chef-de-chantier
Chef de partie,https://www.je-change-de-metier.com/fiche-metier-chef-de-partie
Chef de produit,https://www.je-change-de-metier.com/fiche-metier-chef-de-produit
Chef de produit touristique,https://www.je-change-de-metier.com/fiche-metier-chef-de-produit-touristique
Chef de projet en tourisme d’affaires,https://www.je-change-de-metier.com/fiche-metier-chef-de-projet-en-tourisme-d-affaires
Chef de projet événementiel,https://www.je-change-de-metier.com/fiche-metier-chef-de-projet-evenementiel
Chef de projet marketing digital,https://www.je-change-de-metier.com/fiche-metier-chef-projet-marketing-digital
Chef de projet MOA,https://www.je-change-de-metier.com/fiche-metier-chef-de-projet-moa
Chef de projet RSE,https://www.je-change-de-metier.com/fiche-metier-chef-projet-rse
Chef de projet touristique,https://www.je-change-de-metier.com/fiche-metier-chef-de-projet-touristique
Chef de projet web,https://www.je-change-de-metier.com/fiche-metier-chef-de-projet-web
Chef de rang,https://www.je-change-de-metier.com/fiche-metier-chef-de-rang
Chef de rayon,https://www.je-change-de-metier.com/fiche-metier-chef-de-rayon
Chef des ventes,https://www.je-change-de-metier.com/fiche-metier-chef-des-ventes
Chef pâtissier,https://www.je-change-de-metier.com/fiche-metier-chef-patissier
Chief happiness officer,https://www.je-change-de-metier.com/fiche-metier-chief-happiness-officer
Chief Transformation Officer (CTO),https://www.je-change-de-metier.com/fiche-metier-chief-transformation-officer-cto
Chiropracteur,https://www.je-change-de-metier.com/fiche-metier-chiropracteur
Chocolatier,https://www.je-change-de-metier.com/fiche-metier-chocolatier-confiseur
Coach beauté,https://www.je-change-de-metier.com/fiche-metier-coach-beaute
Coach bien-être,https://www.je-change-de-metier.com/fiche-metier-coach-bien-etre
Coach couple,https://www.je-change-de-metier.com/fiche-metier-coach-conjugal
Coach de vie,https://www.je-change-de-metier.com/fiche-metier-coach-de-vie
Coach déco,https://www.je-change-de-metier.com/fiche-metier-coach-deco
Coach en entreprise,https://www.je-change-de-metier.com/fiche-metier-coach-en-entreprise
Coach nutrition,https://www.je-change-de-metier.com/fiche-metier-coach-nutrition
Coach parental,https://www.je-change-de-metier.com/fiche-metier-coach-parental
Coach professionnel,https://www.je-change-de-metier.com/fiche-metier-coach-professionnel
Coach scolaire,https://www.je-change-de-metier.com/fiche-metier-coach-scolaire
Coach Sportif,https://www.je-change-de-metier.com/fiche-metier-coach-sportif
Coffreur-bancheur,https://www.je-change-de-metier.com/fiche-metier-coffreur-bancheur
Coiffeur coloriste,https://www.je-change-de-metier.com/fiche-metier-coiffeur-coloriste
Coiffeur/coiffeuse,https://www.je-change-de-metier.com/fiche-metier-coiffeur
Commercial,https://www.je-change-de-metier.com/fiche-metier-commercial
Commis de cuisine,https://www.je-change-de-metier.com/fiche-metier-commis-de-cuisine
Commissaire de police,https://www.je-change-de-metier.com/fiche-metier-commissaire
Community Manager,https://www.je-change-de-metier.com/fiche-metier-community-manager
Comportementaliste animalier,https://www.je-change-de-metier.com/fiche-metier-comportementaliste-animalier
Comptable,https://www.je-change-de-metier.com/fiche-metier-comptable
Concepteur vendeur de cuisine,https://www.je-change-de-metier.com/fiche-metier-concepteur-vendeur-cuisine
Conchyliculteur,https://www.je-change-de-metier.com/fiche-metier-conchyliculteur
Concierge d'entreprise,https://www.je-change-de-metier.com/fiche-metier-concierge-en-entreprise
Concierge d'hôtel,https://www.je-change-de-metier.com/fiche-metier-concierge-d-hotel
Conducteur d’engins de chantier,https://www.je-change-de-metier.com/fiche-metier-conducteur-engins-de-chantier
Conducteur de ligne de production,https://www.je-change-de-metier.com/fiche-metier-conducteur-de-ligne-de-production
Conducteur de machines agricoles,https://www.je-change-de-metier.com/fiche-metier-conducteur-de-machines-agricoles
Conducteur de trains,https://www.je-change-de-metier.com/fiche-metier-conducteurs-de-train
Conducteur de travaux,https://www.je-change-de-metier.com/fiche-metier-conducteur-de-travaux
Conducteur métro,https://www.je-change-de-metier.com/fiche-metier-conducteur-metro
Confiseur,https://www.je-change-de-metier.com/confiseur
Conseiller agricole,https://www.je-change-de-metier.com/fiche-metier-conseiller-agricole
Conseiller conjugal et familial,https://www.je-change-de-metier.com/fiche-metier-conseiller-conjugal-familial
Conseiller d’orientation-psychologue,https://www.je-change-de-metier.com/fiche-metier-conseiller-d-orientation-psychologue
Conseiller en assurance,https://www.je-change-de-metier.com/fiche-metier-conseiller-en-assurance
Conseiller en économie sociale et familiale,https://www.je-change-de-metier.com/fiche-metier-conseiller-en-economie-sociale-et-familiale
Conseiller en environnement,https://www.je-change-de-metier.com/fiche-metier-conseiller-en-environnement
Conseiller en évolution professionnelle,https://www.je-change-de-metier.com/fiche-metier-conseiller-en-evolution-professionnelle
Conseiller en Insertion Professionnelle,https://www.je-change-de-metier.com/fiche-metier-conseiller-en-insertion-professionnelle
Conseiller en phytothérapie,https://www.je-change-de-metier.com/fiche-metier-conseiller-en-phytotherapie
Conseiller funéraire,https://www.je-change-de-metier.com/fiche-metier-conseiller-funeraire
Conseiller pénitentiaire d'insertion et de probation,https://www.je-change-de-metier.com/fiche-metier-conseiller-penitentiaire-insertion-probation
Conseillère / conseiller en image,https://www.je-change-de-metier.com/fiche-metier-conseiller-en-image
Conseillère de vente beauté,https://www.je-change-de-metier.com/fiche-metier-conseiller-de-vente-beaute
Consultant en bilan de compétences,https://www.je-change-de-metier.com/fiche-metier-consultant-en-bilan-de-competences
Consultant en immobilier d’entreprise,https://www.je-change-de-metier.com/fiche-metier-consultant-en-immobilier-d-entreprise
Consultant marketing,https://www.je-change-de-metier.com/fiche-metier-consultant-marketing
Consultant RH,https://www.je-change-de-metier.com/fiche-metier-consultant-rh
Consultant SEO,https://www.je-change-de-metier.com/fiche-metier-consultant-seo
Content manager,https://www.je-change-de-metier.com/fiche-metier-content-manager
Contrôleur de gestion,https://www.je-change-de-metier.com/fiche-metier-controleur-de-gestion
Contrôleur des douanes,https://www.je-change-de-metier.com/fiche-metier-controleur-des-douanes
Contrôleur des finances publiques,https://www.je-change-de-metier.com/fiche-metier-controleur-des-finances-publiques
Contrôleur du travail,https://www.je-change-de-metier.com/fiche-metier-controleur-du-travail
Contrôleur technique automobile,https://www.je-change-de-metier.com/fiche-metier-controleur-technique-automobile
Convoyeur de fonds,https://www.je-change-de-metier.com/fiche-metier-convoyeur-de-fonds
Cordiste,https://www.je-change-de-metier.com/fiche-metier-cordiste
Cordonnier,https://www.je-change-de-metier.com/fiche-metier-cordonnier
Costumier,https://www.je-change-de-metier.com/fiche-metier-costumier
Courtier d’assurances,https://www.je-change-de-metier.com/fiche-metier-courtier-d-assurances
Courtier en travaux,https://www.je-change-de-metier.com/fiche-metier-courtier-en-travaux
Courtier en vin et spiritueux,https://www.je-change-de-metier.com/fiche-metier-courtier-en-vin-et-spiritueux
Courtier prêts immobiliers,https://www.je-change-de-metier.com/fiche-metier-courtier-pret-immobilier
Coutelier,https://www.je-change-de-metier.com/fiche-metier-coutelier
Couturier / Couturière,https://www.je-change-de-metier.com/fiche-metier-couturiere
Couvreur - zingueur,https://www.je-change-de-metier.com/fiche-metier-couvreur-zingueur
Créateur d'environnements virtuels,https://www.je-change-de-metier.com/fiche-metier-designer-environnement-virtuel
Crêpier,https://www.je-change-de-metier.com/fiche-metier-crepier
Croupier,https://www.je-change-de-metier.com/fiche-metier-croupier
Cuisinier,https://www.je-change-de-metier.com/fiche-metier-cuisinier
Cuisinier de collectivité,https://www.je-change-de-metier.com/fiche-metier-cuisinier-de-collectivite
Data Analyst,https://www.je-change-de-metier.com/fiche-metier-data-analyst
Data architect,https://www.je-change-de-metier.com/fiche-metier-data-architect
Data engineer,https://www.je-change-de-metier.com/fiche-metier-data-engineer
Data scientist,https://www.je-change-de-metier.com/fiche-metier-data-scientist
Déclarant en douane,https://www.je-change-de-metier.com/fiche-metier-declarant-douane
Décorateur / décoratrice d'intérieur,https://www.je-change-de-metier.com/fiche-metier-decorateur-interieur
Délégué pharmaceutique / Visiteur médical,https://www.je-change-de-metier.com/fiche-metier-delegue-pharmaceutique
Dépanneur électroménager,https://www.je-change-de-metier.com/fiche-metier-depanneur-electromenager
Dératiseur,https://www.je-change-de-metier.com/fiche-metier-deratiseur
Dermographe,https://www.je-change-de-metier.com/fiche-metier-dermographe
Designer d'espace,https://www.je-change-de-metier.com/fiche-metier-designer-d-espace
Designer textile,https://www.je-change-de-metier.com/fiche-metier-designer-textile
Détective privé,https://www.je-change-de-metier.com/fiche-metier-detective
Développeur full stack,https://www.je-change-de-metier.com/fiche-metier-developpeur-full-stack
Développeur mobile,https://www.je-change-de-metier.com/fiche-metier-developpeur-mobile
Développeur Multimédia,https://www.je-change-de-metier.com/fiche-metier-developpeur-multimedia
Développeur web,https://www.je-change-de-metier.com/fiche-metier-developpeur-web
DevOps,https://www.je-change-de-metier.com/fiche-metier-devops
Diagnostiqueur immobilier,https://www.je-change-de-metier.com/fiche-metier-diagnostiqueur-immobilier
Diététicien,https://www.je-change-de-metier.com/fiche-metier-dieteticien
Directeur artistique,https://www.je-change-de-metier.com/fiche-metier-directeur-artistique
Directeur commercial,https://www.je-change-de-metier.com/fiche-metier-directeur-commercial
Directeur d'agence bancaire,https://www.je-change-de-metier.com/fiche-metier-directeur-d-agence
Directeur d'école,https://www.je-change-de-metier.com/fiche-metier-directeur-ecoles
Directeur d'office de tourisme,https://www.je-change-de-metier.com/fiche-metier-directeur-d-office-du-tourisme
Directeur d’hôtel,https://www.je-change-de-metier.com/fiche-metier-directeur-hotel
Directeur de communication,https://www.je-change-de-metier.com/fiche-metier-directeur-communication
Directeur de crèche,https://www.je-change-de-metier.com/fiche-metier-directeur-de-creche
Directeur des Ressources Humaines,https://www.je-change-de-metier.com/fiche-metier-drh
Directeur des services pénitentiaires,https://www.je-change-de-metier.com/fiche-metier-directeur-de-prison
Directeur marketing,https://www.je-change-de-metier.com/fiche-metier-directeur-marketing
Documentaliste,https://www.je-change-de-metier.com/fiche-metier-documentaliste
Domoticien,https://www.je-change-de-metier.com/domoticien
Ebéniste,https://www.je-change-de-metier.com/fiche-metier-ebeniste
Ecailler,https://www.je-change-de-metier.com/fiche-metier-ecailler
Echafaudeur,https://www.je-change-de-metier.com/fiche-metier-echafaudeur
Ecrivain public,https://www.je-change-de-metier.com/fiche-metier-ecrivain-public
Educateur canin,https://www.je-change-de-metier.com/fiche-metier-educateur-canin
Educateur de chiens guides,https://www.je-change-de-metier.com/fiche-metier-educateur-de-chiens-guides-d-aveugles
Educateur de jeunes enfants,https://www.je-change-de-metier.com/fiche-metier-educateur-de-jeunes-enfants
Educateur de la Protection Judiciaire de la Jeunesse,https://www.je-change-de-metier.com/fiche-metier-educateur-de-la-protection-judiciaire-de-la-jeunesse
Educateur spécialisé,https://www.je-change-de-metier.com/fiche-metier-educateur-specialise
Elagueur-grimpeur,https://www.je-change-de-metier.com/fiche-metier-elagueur-grimpeur
Electricien,https://www.je-change-de-metier.com/fiche-metier-electricien
Electromécanicien,https://www.je-change-de-metier.com/fiche-metier-electromecanicien
Electronicien automobile,https://www.je-change-de-metier.com/fiche-metier-electronicien-automobile
Eleveur chiens et chats,https://www.je-change-de-metier.com/fiche-metier-eleveur-chiens-chats
Eleveur de chevaux,https://www.je-change-de-metier.com/fiche-metier-eleveur-de-chevaux
Eleveur de NAC,https://www.je-change-de-metier.com/fiche-metier-eleveur-de-nac
Encadrant technique d'insertion,https://www.je-change-de-metier.com/fiche-metier-encadrant-technique-d-insertion
Entomologiste,https://www.je-change-de-metier.com/fiche-metier-entomologiste
Entraîneur-Educateur de football,https://www.je-change-de-metier.com/fiche-metier-entraineur-educateur-foot
Entraîneur-Educateur de rugby,https://www.je-change-de-metier.com/fiche-metier-entraineur-educateur-rugby
Ergonome,https://www.je-change-de-metier.com/fiche-metier-ergonome
Ergothérapeute,https://www.je-change-de-metier.com/fiche-metier-ergotherapeute
Esthéticien(ne),https://www.je-change-de-metier.com/fiche-metier-estheticienne
Etancheur,https://www.je-change-de-metier.com/fiche-metier-etancheur
Ethical sourcing officer (ESO),https://www.je-change-de-metier.com/fiche-metier-ethical-sourcing-officer
Etiopathe,https://www.je-change-de-metier.com/fiche-metier-etiopathe
Expert d’assurance,https://www.je-change-de-metier.com/fiche-metier-expert-assurance
Expert en cybersécurité,https://www.je-change-de-metier.com/fiche-metier-expert-en-cybersecurite
Expert immobilier,https://www.je-change-de-metier.com/fiche-metier-expert-immobilier
Fabmanager,https://www.je-change-de-metier.com/fiche-metier-fabmanager
Facility Manager,https://www.je-change-de-metier.com/fiche-metier-facility-manager
Facteur,https://www.je-change-de-metier.com/fiche-metier-facteur
Faïencier,https://www.je-change-de-metier.com/fiche-metier-faiencier
Fauconnier,https://www.je-change-de-metier.com/fiche-metier-fauconnier
Fiscaliste,https://www.je-change-de-metier.com/fiche-metier-fiscaliste
Fleuriste,https://www.je-change-de-metier.com/fiche-metier-fleuriste
Forfaitiste,https://www.je-change-de-metier.com/fiche-metier-forfaitiste
Forgeron,https://www.je-change-de-metier.com/fiche-metier-forgeron
Formateur pour Adultes,https://www.je-change-de-metier.com/fiche-metier-formateur
Frigoriste,https://www.je-change-de-metier.com/fiche-metier-frigoriste
Fromager-Crémier,https://www.je-change-de-metier.com/fiche-metier-fromager
Game designer,https://www.je-change-de-metier.com/fiche-metier-game-designer
Gantier,https://www.je-change-de-metier.com/fiche-metier-gantier
Garde chasse,https://www.je-change-de-metier.com/fiche-metier-garde-chasse
Garde du corps,https://www.je-change-de-metier.com/fiche-metier-garde-du-corps
Garde forestier,https://www.je-change-de-metier.com/fiche-metier-garde-forestier
Garde pêche,https://www.je-change-de-metier.com/fiche-metier-garde-peche
Gardien d'immeuble,https://www.je-change-de-metier.com/fiche-metier-concierge-ou-gardien-d-immeuble
Gardien de la Paix - Policier,https://www.je-change-de-metier.com/fiche-metier-policier
Gemmologue,https://www.je-change-de-metier.com/fiche-metier-gemmologue
Gendarme,https://www.je-change-de-metier.com/fiche-metier-gendarme
Géomaticien,https://www.je-change-de-metier.com/fiche-metier-geomaticien
Géomètre topographe,https://www.je-change-de-metier.com/fiche-metier-geometre-topographe
Géotechnicien,https://www.je-change-de-metier.com/fiche-metier-geotechnicien
Gestionnaire de carrière,https://www.je-change-de-metier.com/fiche-metier-gestionnaire-de-carriere
Gestionnaire de copropriété,https://www.je-change-de-metier.com/fiche-metier-gestionnaire-copropriete
Gestionnaire de paie,https://www.je-change-de-metier.com/fiche-metier-gestionnaire-paie
Gestionnaire de patrimoine,https://www.je-change-de-metier.com/fiche-metier-gestionnaire-de-patrimoine
Gestionnaire immobilier,https://www.je-change-de-metier.com/fiche-metier-gestionnaire-immobilier
Gestionnaire locatif,https://www.je-change-de-metier.com/fiche-metier-gestionnaire-locatif
Glacier,https://www.je-change-de-metier.com/fiche-metier-glacier
Gouvernante d’étage,https://www.je-change-de-metier.com/fiche-metier-gouvernante-d-etage
Gouvernante de maison,https://www.je-change-de-metier.com/fiche-metier-gouvernante-de-maison
Greffier/Greffière,https://www.je-change-de-metier.com/fiche-metier-greffier-greffiere
Grutier,https://www.je-change-de-metier.com/fiche-metier-grutier
Guide touristique,https://www.je-change-de-metier.com/fiche-metier-guide-touristique
Hacker éthique,https://www.je-change-de-metier.com/fiche-metier-hacker-ethique
Home stager,https://www.je-change-de-metier.com/fiche-metier-home-stager
Horloger,https://www.je-change-de-metier.com/fiche-metier-horloger
Horticulteur,https://www.je-change-de-metier.com/fiche-metier-horticulteur
Hôtesse d'accueil,https://www.je-change-de-metier.com/fiche-metier-hotesse-accueil
Hôtesse de l’air,https://www.je-change-de-metier.com/fiche-metier-hotesse-de-air
Hydrobiologiste,https://www.je-change-de-metier.com/fiche-metier-hydrobiologiste
Hydrothérapeute,https://www.je-change-de-metier.com/fiche-metier-hydrotherapeute
Hydrothérapeute canin,https://www.je-change-de-metier.com/fiche-metier-hydrotherapeute-canin
Hypnothérapeute,https://www.je-change-de-metier.com/fiche-metier-hypnotherapeute
Illustrateur,https://www.je-change-de-metier.com/fiche-metier-illustrateur
Immoticien,https://www.je-change-de-metier.com/fiche-metier-immoticien
Imprimeur 3D,https://www.je-change-de-metier.com/fiche-metier-imprimeur-3d
Infirmier / Infirmière,https://www.je-change-de-metier.com/fiche-metier-infirmier
Infirmier anesthésiste,https://www.je-change-de-metier.com/fiche-metier-infirmier-anesthesiste
Infirmier de bloc opératoire,https://www.je-change-de-metier.com/fiche-metier-infirmier-de-bloc-operatoire
Infirmier de recherche clinique,https://www.je-change-de-metier.com/fiche-metier-infirmier-recherche-clinique
Influenceur,https://www.je-change-de-metier.com/fiche-metier-influenceur
Infographiste,https://www.je-change-de-metier.com/fiche-metier-infographiste
Ingénieur du son,https://www.je-change-de-metier.com/fiche-metier-ingenieur-du-son
Inspecteur des douanes,https://www.je-change-de-metier.com/fiche-metier-inspecteur-des-douanes
Installateur de pompes à chaleur,https://www.je-change-de-metier.com/fiche-metier-installateur-de-pompes-a-chaleur
Intégrateur web / développeur front-end,https://www.je-change-de-metier.com/fiche-metier-integrateur-web
Jardinier,https://www.je-change-de-metier.com/fiche-metier-jardinier
Jockey,https://www.je-change-de-metier.com/fiche-metier-jockey
Journaliste,https://www.je-change-de-metier.com/fiche-metier-journaliste
Journaliste sportif,https://www.je-change-de-metier.com/fiche-metier-journaliste-sportif
Juriste,https://www.je-change-de-metier.com/fiche-metier-juriste
Juriste en droit immobilier,https://www.je-change-de-metier.com/fiche-metier-juriste-droit-immobilier
Kinésithérapeute,https://www.je-change-de-metier.com/fiche-metier-kinesitherapeute
Libraire,https://www.je-change-de-metier.com/fiche-metier-libraire
Lieutenant de police,https://www.je-change-de-metier.com/fiche-metier-lieutenant-de-police
Logisticien,https://www.je-change-de-metier.com/fiche-metier-logisticien
Love coach,https://www.je-change-de-metier.com/fiche-metier-love-coach
Luthier,https://www.je-change-de-metier.com/fiche-metier-luthier
Maçon,https://www.je-change-de-metier.com/fiche-metier-macon
Magasinier,https://www.je-change-de-metier.com/fiche-metier-magasinier
Magicien,https://www.je-change-de-metier.com/fiche-metier-magicien
Maître d'hôtel,https://www.je-change-de-metier.com/fiche-metier-maitre-d-hotel
Maître de cérémonie funéraire,https://www.je-change-de-metier.com/fiche-metier-maitre-de-ceremonie-funeraire
Maître de chai,https://www.je-change-de-metier.com/fiche-metier-maitre-de-chai
Maître-Chien,https://www.je-change-de-metier.com/fiche-metier-maitre-chien
Maître-nageur,https://www.je-change-de-metier.com/fiche-metier-maitre-nageur
Majordome,https://www.je-change-de-metier.com/fiche-metier-majordome
Mandataire immobilier,https://www.je-change-de-metier.com/fiche-metier-mandataire-immobilier
Manipulateur radio,https://www.je-change-de-metier.com/fiche-metier-manipulateur-radio
Manucure,https://www.je-change-de-metier.com/fiche-metier-manucure
Manutentionnaire,https://www.je-change-de-metier.com/fiche-metier-manutentionnaire
Maquettiste,https://www.je-change-de-metier.com/maquettiste
Maquilleur professionnel,https://www.je-change-de-metier.com/fiche-metier-maquilleur-professionnel
Maraîcher,https://www.je-change-de-metier.com/fiche-metier-maraicher
Marbrier,https://www.je-change-de-metier.com/fiche-metier-marbrier
Marchand de biens,https://www.je-change-de-metier.com/fiche-metier-marchand-de-biens
Maréchal Ferrant,https://www.je-change-de-metier.com/fiche-metier-marechal-ferrant
Mareyeur,https://www.je-change-de-metier.com/fiche-metier-mareyeur
Marin pêcheur,https://www.je-change-de-metier.com/fiche-metier-marin-pecheur
Maroquinier,https://www.je-change-de-metier.com/fiche-metier-maroquinier
Masseur / Masseuse,https://www.je-change-de-metier.com/fiche-metier-masseur
Masseur pour chien,https://www.je-change-de-metier.com/fiche-metier-masseur-pour-chien
Mécanicien automobile,https://www.je-change-de-metier.com/fiche-metier-mecanicien-automobile
Mécanicien de maintenance aéronautique,https://www.je-change-de-metier.com/fiche-metier-mecanicien-aeronautique
Mécanicien moto,https://www.je-change-de-metier.com/fiche-metier-mecanicien-moto
Mécanicien poids lourd,https://www.je-change-de-metier.com/fiche-metier-mecanicien-poids-lourd
Mécanicien vélo - vélociste,https://www.je-change-de-metier.com/fiche-metier-velociste
Mécatronicien,https://www.je-change-de-metier.com/fiche-metier-mecatronicien
Médiateur familial,https://www.je-change-de-metier.com/fiche-metier-mediateur-familial
Menuisier,https://www.je-change-de-metier.com/fiche-metier-menuisier
Météorologue / Météorologiste,https://www.je-change-de-metier.com/meteorologue
Métrologue,https://www.je-change-de-metier.com/fiche-metier-metrologue
Meunier,https://www.je-change-de-metier.com/fiche-metier-meunier
Mixologue,https://www.je-change-de-metier.com/fiche-metier-mixologue
Modéliste,https://www.je-change-de-metier.com/fiche-metier-modeliste
Modiste,https://www.je-change-de-metier.com/fiche-metier-modiste
Moniteur d'auto-école,https://www.je-change-de-metier.com/fiche-metier-moniteur-d-auto-ecole
Moniteur de tennis,https://www.je-change-de-metier.com/fiche-metier-moniteur-de-tennis
Moniteur-éducateur,https://www.je-change-de-metier.com/fiche-metier-moniteur-educateur
Monteur raccordeur de fibre optique,https://www.je-change-de-metier.com/fiche-metier-monteur-raccordeur-de-reseau-fibre-optique
Monteur-câbleur,https://www.je-change-de-metier.com/fiche-metier-monteur-cableur
Mouleur-noyauteur,https://www.je-change-de-metier.com/fiche-metier-mouleur-noyauteur
Mytiliculteur,https://www.je-change-de-metier.com/fiche-metier-mytiliculteur
Naturopathe,https://www.je-change-de-metier.com/fiche-metier-naturopathe
Négociant en vin,https://www.je-change-de-metier.com/fiche-metier-negociant-en-vin
Négociateur immobilier,https://www.je-change-de-metier.com/fiche-metier-negociateur-immobilier
Nettoyeur d'écran de cinéma,https://www.je-change-de-metier.com/fiche-metier-nettoyeur-d-ecran-de-cinema
Nez créateur de parfum,https://www.je-change-de-metier.com/fiche-metier-nez-createur-de-parfum
Notaire,https://www.je-change-de-metier.com/fiche-metier-notaire
Nutritionniste,https://www.je-change-de-metier.com/fiche-metier-nutritionniste
Océanologue,https://www.je-change-de-metier.com/fiche-metier-oceanologue
Oculariste,https://www.je-change-de-metier.com/fiche-metier-oculariste
Oenologue,https://www.je-change-de-metier.com/fiche-metier-oenologue
Office Manager,https://www.je-change-de-metier.com/fiche-metier-office-manager
Officier d'état civil,https://www.je-change-de-metier.com/fiche-metier-officier-d-etat-civil
Opticien-lunetier,https://www.je-change-de-metier.com/fiche-metier-opticien-lunetier
Optométriste,https://www.je-change-de-metier.com/fiche-metier-optometriste
Orfèvre,https://www.je-change-de-metier.com/fiche-metier-orfevre
Orthopédiste,https://www.je-change-de-metier.com/fiche-metier-orthopediste
Orthophoniste,https://www.je-change-de-metier.com/fiche-metier-orthophoniste
Orthoptiste,https://www.je-change-de-metier.com/fiche-metier-orthoptiste
Ostéopathe,https://www.je-change-de-metier.com/fiche-metier-osteopathe
Ostéopathe animalier,https://www.je-change-de-metier.com/fiche-metier-osteopathe-animalier
Ouvrier agricole,https://www.je-change-de-metier.com/fiche-metier-ouvrier-agricole
Palefrenier,https://www.je-change-de-metier.com/fiche-metier-palefrenier
Parfumeur,https://www.je-change-de-metier.com/fiche-metier-parfumeur
Pâtissier,https://www.je-change-de-metier.com/fiche-metier-patissier
Paysagiste,https://www.je-change-de-metier.com/fiche-metier-paysagiste
Pédicure - podologue,https://www.je-change-de-metier.com/fiche-metier-pedicure-podologue
Peintre en bâtiment,https://www.je-change-de-metier.com/fiche-metier-peintre-batiment
Peintre en décor,https://www.je-change-de-metier.com/fiche-metier-peintre-en-decor
Pépiniériste,https://www.je-change-de-metier.com/fiche-metier-pepinieriste
Perruquier-posticheur,https://www.je-change-de-metier.com/fiche-metier-perruquier-posticheur
Pet Sitter,https://www.je-change-de-metier.com/fiche-metier-pet-sitter
Pharmacien,https://www.je-change-de-metier.com/fiche-metier-pharmacien
Photographe,https://www.je-change-de-metier.com/fiche-metier-photographe
Photographe animalier,https://www.je-change-de-metier.com/fiche-metier-photographe-animalier
Physiothérapeute animalier,https://www.je-change-de-metier.com/fiche-metier-physiotherapeute-animalier
Phytothérapeute,https://www.je-change-de-metier.com/fiche-metier-phytotherapeute
Pilote de drone,https://www.je-change-de-metier.com/fiche-metier-telepilote-drone
Pilote de ligne,https://www.je-change-de-metier.com/fiche-metier-pilote-de-ligne
Pisciculteur,https://www.je-change-de-metier.com/fiche-metier-pisciculteur
Pisciniste,https://www.je-change-de-metier.com/fiche-metier-pisciniste
Pizzaïolo,https://www.je-change-de-metier.com/fiche-metier-pizzaiolo
Plasticien,https://www.je-change-de-metier.com/fiche-metier-artiste-plasticien
Plâtrier,https://www.je-change-de-metier.com/fiche-metier-platrier
Plombier-Chauffagiste,https://www.je-change-de-metier.com/fiche-metier-plombier-chauffagiste
Plongeur scaphandrier,https://www.je-change-de-metier.com/fiche-metier-plongeur-scaphandrier
Podo-orthésiste,https://www.je-change-de-metier.com/fiche-metier-podo-orthesiste
Poissonnier,https://www.je-change-de-metier.com/fiche-metier-poissonnier
Pompier,https://www.je-change-de-metier.com/fiche-metier-pompier
Porteur funéraire,https://www.je-change-de-metier.com/fiche-metier-porteur-funeraire
Préparateur de commandes,https://www.je-change-de-metier.com/fiche-metier-preparateur-de-commandes
Préparateur en pharmacie,https://www.je-change-de-metier.com/fiche-metier-preparateur-preparatrice-en-pharmacie
Préparateur mental / psychologue du sport,https://www.je-change-de-metier.com/fiche-metier-preparateur-mental
Préparateur physique,https://www.je-change-de-metier.com/fiche-metier-preparateur-physique
Prof d'enseignement général de lycée,https://www.je-change-de-metier.com/fiche-metier-professeur-enseignement-general-lycee
Prof d'enseignement technologique de lycée,https://www.je-change-de-metier.com/fiche-metier-professeur-enseignement-technologique-lycee
Prof en lycée agricole,https://www.je-change-de-metier.com/fiche-metier-enseignant-en-lycee-agricole
Prof en lycée professionnel,https://www.je-change-de-metier.com/fiche-metier-professeur-en-lycee-professsionnel
Professeur d'anglais,https://www.je-change-de-metier.com/fiche-metier-professeur-anglais
Professeur d'EPS,https://www.je-change-de-metier.com/fiche-metier-professeur-eps
Professeur d'espagnol,https://www.je-change-de-metier.com/fiche-metier-professeur-espagnol
Professeur de collège ou lycée,https://www.je-change-de-metier.com/fiche-metier-professeur-college-lycee
Professeur de sport,https://www.je-change-de-metier.com/fiche-metier-professeur-de-sport
Professeur de yoga,https://www.je-change-de-metier.com/fiche-metier-professeur-de-yoga
Professeur des écoles,https://www.je-change-de-metier.com/fiche-metier-professeur-des-ecoles
Project manager,https://www.je-change-de-metier.com/fiche-metier-project-manager
Projeteur de polyuréthane,https://www.je-change-de-metier.com/fiche-metier-projeteur-polyurethane
Promoteur immobilier,https://www.je-change-de-metier.com/fiche-metier-promoteur-immobilier
Prothésiste dentaire,https://www.je-change-de-metier.com/fiche-metier-prothesiste-dentaire
Prothésiste ongulaire,https://www.je-change-de-metier.com/fiche-metier-prothesiste-ongulaire
Prothésiste-Orthésiste,https://www.je-change-de-metier.com/fiche-metier-prothesiste-orthesiste
Psychologue,https://www.je-change-de-metier.com/fiche-metier-psychologue
Psychologue pour enfants,https://www.je-change-de-metier.com/fiche-metier-psychologue-pour-enfants
Psychologue scolaire,https://www.je-change-de-metier.com/fiche-metier-psychologue-scolaire
Psychomotricien,https://www.je-change-de-metier.com/fiche-metier-psychomotricien
Psychopraticien,https://www.je-change-de-metier.com/fiche-metier-psychopraticien
Puéricultrice,https://www.je-change-de-metier.com/fiche-metier-infirmier-puericultrice
Ramoneur,https://www.je-change-de-metier.com/fiche-metier-ramoneur
Réceptionniste,https://www.je-change-de-metier.com/fiche-metier-receptionniste
Rédacteur territorial,https://www.je-change-de-metier.com/fiche-metier-redacteur-territorial
Rédacteur web,https://www.je-change-de-metier.com/fiche-metier-redacteur-web
Réflexologue,https://www.je-change-de-metier.com/fiche-metier-reflexologue
Relaxologue,https://www.je-change-de-metier.com/fiche-metier-relaxologue
Responsable d'ordonnancement,https://www.je-change-de-metier.com/fiche-metier-responsable-ordonnancement
Responsable de projets immobiliers,https://www.je-change-de-metier.com/fiche-metier-responsable-de-projets-immobiliers
Responsable des Ressources Humaines,https://www.je-change-de-metier.com/fiche-metier-responsable-rh
Responsable des ventes (Sales manager),https://www.je-change-de-metier.com/fiche-metier-responsable-des-ventes
Responsable marketing digital,https://www.je-change-de-metier.com/fiche-metier-responsable-marketing-digital
Responsable paie,https://www.je-change-de-metier.com/fiche-metier-responsable-paie
Responsable QHSE,https://www.je-change-de-metier.com/fiche-metier-responsable-qhse
Responsable qualité,https://www.je-change-de-metier.com/fiche-metier-responsable-qualite
Responsable QVT,https://www.je-change-de-metier.com/fiche-metier-responsable-qvt
Responsable rémunération,https://www.je-change-de-metier.com/fiche-metier-responsable-remuneration
Restaurateur d’œuvres d’art,https://www.je-change-de-metier.com/fiche-metier-restaurateur-d-oeuvres-d-art
Ripeur / éboueur,https://www.je-change-de-metier.com/fiche-metier-eboueur
Roboticien,https://www.je-change-de-metier.com/fiche-metier-roboticien
Roughman,https://www.je-change-de-metier.com/roughman
Rudologue,https://www.je-change-de-metier.com/fiche-metier-rudologue
Sage-femme,https://www.je-change-de-metier.com/fiche-metier-sage-femme
Sales Development Representative,https://www.je-change-de-metier.com/fiche-metier-sales-development-representative
Saunier,https://www.je-change-de-metier.com/fiche-metier-saunier
Scénographe,https://www.je-change-de-metier.com/fiche-metier-scenographe
Second de cuisine,https://www.je-change-de-metier.com/fiche-metier-second-de-cuisine
Secrétaire,https://www.je-change-de-metier.com/fiche-metier-secretaire
Secrétaire administrative,https://www.je-change-de-metier.com/fiche-metier-secretaire-administratif
Secrétaire comptable,https://www.je-change-de-metier.com/fiche-metier-secretaire-comptable
Secrétaire dentaire,https://www.je-change-de-metier.com/fiche-metier-secretaire-dentaire
Secrétaire médicale,https://www.je-change-de-metier.com/fiche-metier-secretaire-medicale
Secrétaire pharmaceutique,https://www.je-change-de-metier.com/fiche-metier-secretaire-pharmaceutique
Secrétaire vétérinaire,https://www.je-change-de-metier.com/fiche-metier-secretaire-veterinaire
Sellier,https://www.je-change-de-metier.com/fiche-metier-sellier
Sellier-harnacheur,https://www.je-change-de-metier.com/fiche-metier-sellier-harnacheur
Sérigraphe,https://www.je-change-de-metier.com/fiche-metier-serigraphe
Serrurier,https://www.je-change-de-metier.com/fiche-metier-serrurier
Serveur / serveuse,https://www.je-change-de-metier.com/fiche-metier-serveur
Shaper,https://www.je-change-de-metier.com/fiche-metier-shaper
Social Media Manager,https://www.je-change-de-metier.com/fiche-metier-social-media-manager
Social seller,https://www.je-change-de-metier.com/fiche-metier-social-seller
Socio-esthéticien(ne),https://www.je-change-de-metier.com/fiche-metier-socio-estheticienne
Soigneur animalier,https://www.je-change-de-metier.com/fiche-metier-soigneur-animalier
Sommelier,https://www.je-change-de-metier.com/fiche-metier-sommelier
Sophrologue,https://www.je-change-de-metier.com/fiche-metier-sophrologue
Soudeur,https://www.je-change-de-metier.com/fiche-metier-soudeur
Souffleur de verre,https://www.je-change-de-metier.com/fiche-metier-souffleur-souffleuse-de-verre
Spa manager,https://www.je-change-de-metier.com/fiche-metier-spa-manager
Spa praticien,https://www.je-change-de-metier.com/fiche-metier-spa-praticien
Staffeur-ornemaniste,https://www.je-change-de-metier.com/staffeur-ornemaniste
Steward,https://www.je-change-de-metier.com/fiche-metier-steward
Styliste de mode,https://www.je-change-de-metier.com/fiche-metier-styliste
Styliste-Visagiste,https://www.je-change-de-metier.com/fiche-metier-styliste-visagiste
Surveillant pénitentiaire,https://www.je-change-de-metier.com/fiche-metier-surveillant-penitentiaire
Sylviculteur,https://www.je-change-de-metier.com/fiche-metier-sylviculteur
Tailleur de pierre,https://www.je-change-de-metier.com/fiche-metier-tailleur-de-pierre
Talent Acquisition Manager,https://www.je-change-de-metier.com/fiche-metier-talent-acquisition-manage
Tapissier,https://www.je-change-de-metier.com/fiche-metier-tapissier
Tatoueur,https://www.je-change-de-metier.com/fiche-metier-tatoueur
Taxidermiste,https://www.je-change-de-metier.com/fiche-metier-taxidermiste
Technicien d'exploitation de l'eau,https://www.je-change-de-metier.com/fiche-metier-technicien-exploitation-eau
Technicien de l'intervention sociale et familiale,https://www.je-change-de-metier.com/fiche-metier-technicien-de-l-intervention-sociale-et-familiale
Technicien de l’environnement,https://www.je-change-de-metier.com/fiche-metier-technicien-de-l-environnement
Technicien de laboratoire,https://www.je-change-de-metier.com/fiche-metier-technicien-de-laboratoire-d-analyses-medicales
Technicien de maintenance industrielle,https://www.je-change-de-metier.com/fiche-metier-technicien-de-maintenance-industrielle
Technicien de mesure de la pollution,https://www.je-change-de-metier.com/fiche-metier-technicien-de-mesure-de-la-pollution
Technicien qualité,https://www.je-change-de-metier.com/fiche-metier-technicien-qualite
Technicien Systèmes et Réseaux,https://www.je-change-de-metier.com/fiche-metier-technicien-systemes-reseaux
Technicien-chef de projet en rénovation énergétique,https://www.je-change-de-metier.com/fiche-metier-technicien-chef-de-projet-en-renovation-energetique
Technico-commercial,https://www.je-change-de-metier.com/fiche-metier-technico-commercial
Télésecrétaire médicale,https://www.je-change-de-metier.com/fiche-metier-telesecretaire-medicale
Terrassier,https://www.je-change-de-metier.com/fiche-metier-terrassier
Testeur de jeux vidéo,https://www.je-change-de-metier.com/fiche-metier-testeur-de-jeux-video
Thanatopracteur,https://www.je-change-de-metier.com/fiche-metier-thanatopracteur
Toiletteur canin,https://www.je-change-de-metier.com/fiche-metier-toiletteur-canin
Tonnelier,https://www.je-change-de-metier.com/fiche-metier-tonnelier
Torréfacteur,https://www.je-change-de-metier.com/fiche-metier-torrefacteur
Tourneur-fraiseur,https://www.je-change-de-metier.com/fiche-metier-tourneur-fraiseur
Traducteur-interprète,https://www.je-change-de-metier.com/fiche-metier-traducteur
Traffic manager,https://www.je-change-de-metier.com/fiche-metier-traffic-manager
Traiteur,https://www.je-change-de-metier.com/fiche-metier-traiteur
UI designer,https://www.je-change-de-metier.com/fiche-metier-ui-designer
Urbaniste,https://www.je-change-de-metier.com/fiche-metier-urbaniste
UX designer,https://www.je-change-de-metier.com/fiche-metier-ux-designer
Vendeur,https://www.je-change-de-metier.com/fiche-metier-vendeur
Vendeur en animalerie,https://www.je-change-de-metier.com/fiche-metier-vendeur-en-animalerie
Vigneron,https://www.je-change-de-metier.com/fiche-metier-vigneron
Visual Merchandiser,https://www.je-change-de-metier.com/fiche-metier-visual-merchandiser
Viticulteur,https://www.je-change-de-metier.com/fiche-metier-viticulteur
Vitrailliste,https://www.je-change-de-metier.com/fiche-metier-vitrailliste
Voiturier,https://www.je-change-de-metier.com/fiche-metier-voiturier
VRP,https://www.je-change-de-metier.com/vrp-fiche-metier
Web Analyste,https://www.je-change-de-metier.com/fiche-metier-web-analyste
Webdesigner,https://www.je-change-de-metier.com/fiche-metier-webdesigner
Webmarketer,https://www.je-change-de-metier.com/fiche-metier-webmaketer
Webmaster,https://www.je-change-de-metier.com/fiche-metier-webmaster
Wedding planner / organisateur de mariage,https://www.je-change-de-metier.com/fiche-metier-wedding-planner
Zoologiste,https://www.je-change-de-metier.com/fiche-metier-zoologiste
Zoothérapeute,https://www.je-change-de-metier.com/fiche-metier-zootherapeute
Zythologue,https://www.je-change-de-metier.com/fiche-metier-zythologue
